datetime,temp,humidity,traffic,ride_requests
2025-03-05 21:45:00,31,56,low,240
2025-03-16 03:15:00,29,47,low,181
2025-03-25 18:30:00,27,33,medium,208
2025-03-17 16:15:00,28,30,medium,210
2025-03-12 09:30:00,23,79,medium,203
2025-03-14 01:45:00,24,30,low,58
2025-03-12 18:00:00,40,87,low,172
2025-03-30 09:30:00,27,55,low,182
2025-03-10 20:15:00,28,74,high,155
2025-03-19 18:00:00,34,49,low,144
2025-03-29 21:45:00,34,81,medium,269
2025-03-29 10:00:00,35,52,low,109
2025-03-04 20:00:00,33,39,medium,242
2025-03-19 08:00:00,27,88,medium,186
2025-03-09 12:15:00,37,40,high,204
2025-03-09 03:15:00,29,70,high,222
2025-03-06 04:30:00,39,70,medium,207
2025-03-03 11:45:00,25,34,high,121
2025-03-04 10:45:00,31,87,high,325
2025-03-09 17:30:00,21,30,high,200
2025-03-10 22:00:00,26,46,high,166
2025-03-13 17:15:00,35,51,low,217
2025-03-14 05:15:00,22,63,medium,178
2025-03-25 18:00:00,32,85,low,212
2025-03-19 12:30:00,22,74,low,116
2025-03-16 19:15:00,37,70,high,285
2025-03-21 20:30:00,30,58,medium,186
2025-03-11 12:30:00,27,33,high,185
2025-03-19 06:00:00,25,34,high,96
2025-03-20 22:30:00,20,40,high,123
2025-03-15 21:15:00,20,85,high,278
2025-03-17 07:00:00,27,80,low,182
2025-03-25 17:15:00,24,50,low,193
2025-03-30 01:00:00,35,64,medium,133
2025-03-21 08:00:00,30,41,low,259
2025-03-09 22:15:00,24,55,low,196
2025-03-27 13:15:00,23,80,medium,100
2025-03-02 07:00:00,25,48,high,220
2025-03-24 17:00:00,33,74,medium,178
2025-03-29 21:00:00,38,89,medium,220
2025-03-28 19:30:00,28,36,medium,202
2025-03-16 08:00:00,31,76,low,273
2025-03-14 18:15:00,30,84,low,270
2025-03-25 16:45:00,33,36,high,141
2025-03-15 15:15:00,35,55,medium,159
2025-03-22 03:15:00,20,69,high,208
2025-03-19 18:45:00,32,34,low,216
2025-03-04 02:00:00,40,50,high,185
2025-03-29 02:15:00,40,43,medium,161
2025-03-13 15:15:00,32,33,medium,102
2025-03-20 06:30:00,21,52,medium,112
2025-03-28 19:00:00,23,71,high,246
2025-03-17 12:30:00,25,49,medium,152
2025-03-29 06:30:00,24,44,medium,129
2025-03-27 18:15:00,22,79,high,276
2025-03-10 11:45:00,20,81,high,208
2025-03-06 21:00:00,23,74,medium,246
2025-03-26 15:30:00,39,58,high,247
2025-03-15 12:45:00,21,37,medium,214
2025-03-11 11:15:00,24,70,low,140
2025-03-05 23:30:00,22,77,medium,115
2025-03-27 20:15:00,28,48,high,270
2025-03-15 06:30:00,39,77,high,231
2025-03-08 23:45:00,25,68,medium,148
2025-03-08 17:15:00,37,75,medium,220
2025-03-02 16:30:00,25,57,low,106
2025-03-24 03:30:00,38,75,high,130
2025-03-26 04:45:00,31,86,high,176
2025-03-20 22:00:00,30,56,medium,183
2025-03-30 10:30:00,21,33,high,276
2025-03-09 05:15:00,34,87,high,231
2025-03-03 01:00:00,31,44,medium,192
2025-03-23 04:45:00,31,64,low,77
2025-03-25 22:00:00,28,66,medium,101
2025-03-18 16:15:00,40,30,medium,105
2025-03-04 05:15:00,21,32,medium,139
2025-03-22 17:00:00,22,76,medium,297
2025-03-18 23:30:00,31,53,high,222
2025-03-08 20:45:00,35,56,low,136
2025-03-05 13:00:00,40,69,medium,95
2025-03-29 23:15:00,20,90,medium,187
2025-03-11 09:30:00,40,65,medium,147
2025-03-16 08:45:00,22,63,medium,278
2025-03-05 12:15:00,39,58,low,138
2025-03-30 23:15:00,21,53,low,193
2025-03-29 15:30:00,28,53,medium,224
2025-03-02 20:30:00,38,71,medium,167
2025-03-08 13:45:00,34,33,low,122
2025-03-24 19:45:00,37,32,high,317
2025-03-04 09:00:00,30,63,medium,239
2025-03-08 23:15:00,35,86,medium,206
2025-03-16 07:00:00,36,78,high,267
2025-03-18 21:15:00,24,52,low,125
2025-03-08 05:45:00,31,82,low,145
2025-03-26 04:15:00,30,85,high,199
2025-03-20 23:30:00,34,81,medium,107
2025-03-06 18:30:00,22,52,medium,167
2025-03-13 13:00:00,20,74,high,124
2025-03-19 04:00:00,39,34,high,186
2025-03-18 19:30:00,35,60,high,276
2025-03-07 09:00:00,21,82,medium,160
2025-03-20 05:45:00,21,70,medium,176
2025-03-28 01:15:00,22,86,medium,207
2025-03-20 19:30:00,27,90,low,129
2025-03-25 11:45:00,34,86,medium,177
2025-03-13 20:45:00,26,89,low,172
2025-03-25 06:00:00,25,83,high,113
2025-03-01 08:00:00,28,35,medium,302
2025-03-05 04:30:00,39,66,medium,164
2025-03-01 16:45:00,20,86,medium,72
2025-03-17 06:30:00,27,39,low,158
2025-03-23 19:00:00,22,69,low,203
2025-03-03 00:30:00,23,36,medium,171
2025-03-18 20:15:00,34,68,low,213
2025-03-10 19:30:00,25,67,medium,237
2025-03-15 01:30:00,34,50,high,182
2025-03-27 20:30:00,40,90,high,186
2025-03-26 13:15:00,22,49,medium,191
2025-03-11 10:15:00,40,32,low,147
2025-03-09 01:00:00,40,80,high,180
2025-03-28 17:30:00,33,51,high,209
2025-03-02 11:15:00,39,76,low,105
2025-03-08 08:45:00,33,33,high,217
2025-03-17 11:30:00,23,57,low,89
2025-03-29 12:15:00,31,41,high,149
2025-03-19 15:30:00,36,67,high,186
2025-03-28 01:00:00,26,80,low,138
2025-03-16 03:00:00,28,65,high,127
2025-03-18 23:15:00,22,76,medium,90
2025-03-16 08:30:00,32,70,high,295
2025-03-24 18:30:00,34,34,medium,278
2025-03-21 14:30:00,37,42,high,203
2025-03-09 07:30:00,38,52,low,215
2025-03-07 07:15:00,20,87,medium,207
2025-03-29 22:30:00,25,79,low,108
2025-03-26 22:00:00,21,59,high,219
2025-03-01 07:30:00,33,66,high,229
2025-03-09 12:45:00,25,54,high,187
2025-03-04 02:30:00,33,77,high,118
2025-03-15 07:45:00,23,56,low,147
2025-03-17 18:30:00,40,80,medium,252
2025-03-11 22:00:00,27,43,low,79
2025-03-26 09:00:00,22,86,low,172
2025-03-23 15:15:00,38,77,low,193
2025-03-16 14:30:00,33,88,medium,177
2025-03-05 19:45:00,39,76,low,188
2025-03-16 18:15:00,36,83,low,197
2025-03-16 09:15:00,27,65,low,157
2025-03-18 10:30:00,33,68,low,132
2025-03-19 14:30:00,25,45,high,90
2025-03-09 18:30:00,35,85,high,194
2025-03-08 04:45:00,38,51,high,247
2025-03-21 15:00:00,33,50,medium,209
2025-03-01 18:15:00,38,83,low,199
2025-03-22 20:00:00,22,50,high,316
2025-03-11 01:15:00,29,37,medium,200
2025-03-01 15:45:00,38,78,low,127
2025-03-25 04:00:00,28,45,low,139
2025-03-17 13:30:00,39,88,low,70
2025-03-24 11:30:00,32,84,low,103
2025-03-01 11:15:00,26,60,medium,169
2025-03-19 22:30:00,33,71,medium,94
2025-03-08 01:45:00,28,39,low,108
2025-03-05 11:30:00,38,61,low,120
2025-03-03 04:45:00,34,88,high,228
2025-03-01 20:00:00,39,63,low,256
2025-03-09 19:45:00,33,38,medium,170
2025-03-22 05:45:00,25,46,high,204
2025-03-14 20:30:00,40,40,low,209
2025-03-19 13:45:00,23,61,low,76
2025-03-04 08:15:00,27,39,medium,151
2025-03-05 06:00:00,36,51,medium,154
2025-03-05 02:15:00,28,86,medium,192
2025-03-18 22:15:00,20,46,high,141
2025-03-28 20:00:00,39,33,low,197
2025-03-06 15:45:00,33,77,medium,202
2025-03-05 06:30:00,30,81,medium,207
2025-03-23 10:30:00,40,76,low,148
2025-03-15 22:45:00,22,54,medium,177
2025-03-11 15:45:00,28,88,low,63
2025-03-14 11:15:00,33,50,medium,187
2025-03-28 05:45:00,28,66,low,173
2025-03-15 03:15:00,23,67,medium,102
2025-03-12 02:00:00,23,78,medium,158
2025-03-25 10:00:00,27,30,high,227
2025-03-05 06:45:00,21,54,low,76
2025-03-29 14:30:00,28,80,medium,91
2025-03-10 12:00:00,33,65,medium,102
2025-03-25 06:15:00,28,46,high,160
2025-03-01 11:00:00,35,70,medium,118
2025-03-16 11:30:00,36,53,medium,165
2025-03-09 22:30:00,35,31,high,203
2025-03-22 16:45:00,31,69,high,211
2025-03-13 10:00:00,22,44,medium,123
2025-03-26 21:00:00,30,61,medium,244
2025-03-15 20:45:00,33,68,high,279
2025-03-08 14:15:00,37,88,high,182
2025-03-05 09:00:00,40,35,high,187
2025-03-07 04:30:00,40,30,medium,151
2025-03-04 16:30:00,24,76,low,150
2025-03-01 23:15:00,35,52,medium,167
2025-03-04 07:30:00,39,87,high,237
2025-03-02 19:45:00,24,68,medium,190
2025-03-21 22:30:00,22,90,medium,91
2025-03-09 23:30:00,31,86,high,212
2025-03-29 09:15:00,20,46,medium,233
2025-03-16 09:00:00,40,63,high,244
2025-03-19 10:15:00,28,88,medium,201
2025-03-17 21:30:00,28,70,medium,169
2025-03-11 16:45:00,23,58,medium,133
2025-03-28 22:45:00,22,38,high,189
2025-03-25 01:30:00,36,42,low,135
2025-03-05 07:30:00,21,35,low,184
2025-03-04 08:30:00,20,35,high,206
2025-03-18 22:45:00,27,49,low,159
2025-03-06 23:00:00,32,81,medium,173
2025-03-13 10:45:00,34,82,medium,180
2025-03-12 15:15:00,27,32,medium,63
2025-03-07 05:45:00,31,46,medium,80
2025-03-14 07:30:00,31,78,low,168
2025-03-15 22:00:00,33,41,medium,118
2025-03-24 00:15:00,34,77,medium,96
2025-03-10 09:00:00,34,76,medium,254
2025-03-27 10:15:00,28,74,low,176
2025-03-23 19:15:00,38,84,medium,182
2025-03-29 11:15:00,39,30,low,155
2025-03-09 15:15:00,27,46,low,105
2025-03-25 04:45:00,40,32,low,162
2025-03-14 22:45:00,38,55,low,62
2025-03-15 11:15:00,25,44,high,118
2025-03-19 08:45:00,39,65,low,248
2025-03-29 17:45:00,38,61,high,225
2025-03-25 10:15:00,23,61,high,247
2025-03-28 13:30:00,26,33,medium,90
2025-03-20 12:15:00,23,47,low,107
2025-03-16 15:45:00,31,78,medium,132
2025-03-10 03:45:00,32,48,high,234
2025-03-06 06:45:00,22,72,medium,73
2025-03-01 17:30:00,31,81,low,190
2025-03-15 19:30:00,21,64,medium,238
2025-03-22 03:45:00,21,69,high,148
2025-03-06 12:00:00,28,43,high,214
2025-03-24 01:00:00,20,87,low,198
2025-03-01 14:00:00,27,62,medium,145
2025-03-14 02:45:00,25,43,low,125
2025-03-17 21:45:00,25,63,low,146
2025-03-06 16:00:00,37,90,high,226
2025-03-13 22:15:00,36,84,low,121
2025-03-19 19:45:00,31,33,low,212
2025-03-05 18:15:00,25,53,low,235
2025-03-02 01:30:00,27,88,high,221
2025-03-12 13:30:00,38,58,high,183
2025-03-11 00:15:00,29,48,medium,124
2025-03-07 06:30:00,20,35,high,170
2025-03-06 06:30:00,32,86,low,71
2025-03-14 04:00:00,36,62,medium,203
2025-03-21 11:45:00,22,78,medium,102
2025-03-16 01:00:00,27,69,low,80
2025-03-12 04:45:00,33,48,medium,188
2025-03-26 10:00:00,22,82,high,272
2025-03-22 02:15:00,35,30,low,191
2025-03-23 01:00:00,32,34,low,159
2025-03-26 19:45:00,39,56,low,123
2025-03-16 01:30:00,36,45,low,105
2025-03-05 09:45:00,32,35,high,290
2025-03-18 17:45:00,25,69,medium,193
2025-03-08 01:30:00,36,42,medium,116
2025-03-05 00:45:00,33,77,high,162
2025-03-22 15:45:00,36,64,low,178
2025-03-17 20:00:00,27,48,medium,156
2025-03-12 11:45:00,30,41,medium,189
2025-03-22 07:00:00,39,45,medium,150
2025-03-11 19:15:00,20,88,high,248
2025-03-28 16:15:00,26,72,high,120
2025-03-26 16:15:00,40,39,medium,88
2025-03-15 08:30:00,40,54,high,257
2025-03-29 20:00:00,36,49,low,189
2025-03-03 10:15:00,29,60,low,192
2025-03-13 13:45:00,30,33,low,120
2025-03-09 19:15:00,28,73,medium,224
2025-03-21 07:30:00,28,52,medium,184
2025-03-13 21:15:00,24,31,medium,262
2025-03-22 10:30:00,36,85,high,234
2025-03-12 10:15:00,28,51,medium,190
2025-03-15 20:15:00,36,80,medium,272
2025-03-19 09:00:00,40,86,low,218
2025-03-12 17:45:00,38,66,low,147
2025-03-25 12:15:00,26,37,medium,208
2025-03-05 23:45:00,28,36,medium,103
2025-03-09 16:30:00,26,43,high,127
2025-03-19 05:00:00,32,85,low,104
2025-03-09 04:45:00,30,84,low,118
2025-03-12 00:30:00,33,32,medium,121
2025-03-30 07:00:00,38,79,low,186
2025-03-25 16:15:00,30,45,low,129
2025-03-22 15:15:00,32,84,high,171
2025-03-16 12:00:00,33,48,low,168
2025-03-23 12:30:00,32,80,medium,139
2025-03-19 23:00:00,20,47,low,128
2025-03-27 15:45:00,27,81,low,116
2025-03-01 07:15:00,31,45,medium,225
2025-03-23 16:15:00,38,37,high,184
2025-03-20 13:45:00,31,89,medium,132
2025-03-29 12:00:00,27,62,high,154
2025-03-10 18:15:00,27,78,low,148
2025-03-17 14:00:00,40,41,high,184
2025-03-15 16:45:00,32,82,low,110
2025-03-02 23:00:00,31,40,medium,92
2025-03-02 18:30:00,35,34,medium,162
2025-03-13 09:30:00,20,56,high,226
2025-03-01 10:45:00,32,41,medium,274
2025-03-01 21:45:00,26,46,low,219
2025-03-22 18:30:00,24,35,low,161
2025-03-08 16:00:00,27,62,high,150
2025-03-03 22:30:00,33,34,medium,114
2025-03-14 18:45:00,32,86,high,244
2025-03-17 15:45:00,34,57,low,113
2025-03-11 07:30:00,36,43,medium,291
2025-03-14 11:45:00,34,34,low,62
2025-03-25 04:15:00,39,83,high,118
2025-03-26 18:45:00,37,85,medium,156
2025-03-25 12:45:00,37,88,high,177
2025-03-02 13:15:00,21,62,low,150
2025-03-26 06:00:00,23,79,medium,181
2025-03-06 07:45:00,20,77,medium,201
2025-03-24 00:45:00,23,70,medium,169
2025-03-28 09:00:00,37,48,high,301
2025-03-21 21:45:00,24,51,high,211
2025-03-10 19:00:00,38,34,high,222
2025-03-02 09:30:00,34,88,high,229
2025-03-20 03:45:00,27,31,low,166
2025-03-08 05:15:00,39,59,low,99
2025-03-30 00:30:00,36,76,high,220
2025-03-28 11:30:00,20,68,low,134
2025-03-24 02:30:00,31,33,high,245
2025-03-19 04:15:00,38,62,high,165
2025-03-15 09:15:00,34,42,medium,280
2025-03-21 18:15:00,28,49,high,291
2025-03-15 11:45:00,26,83,medium,84
2025-03-13 05:30:00,21,36,medium,89
2025-03-03 07:15:00,28,44,low,248
2025-03-22 21:30:00,29,52,medium,313
2025-03-13 17:00:00,21,43,low,215
2025-03-24 16:30:00,38,52,medium,152
2025-03-02 19:15:00,30,48,high,192
2025-03-21 11:15:00,32,83,high,129
2025-03-24 03:45:00,29,58,low,141
2025-03-13 12:00:00,33,85,medium,143
2025-03-20 02:00:00,37,49,high,139
2025-03-30 14:15:00,38,58,low,66
2025-03-20 09:30:00,28,53,low,223
2025-03-26 06:45:00,26,47,low,112
2025-03-04 06:30:00,22,39,medium,200
2025-03-02 14:00:00,39,70,low,98
2025-03-07 18:45:00,25,86,high,211
2025-03-03 20:00:00,40,37,medium,202
2025-03-03 19:30:00,21,55,medium,203
2025-03-05 14:45:00,25,58,low,193
2025-03-29 23:30:00,22,39,medium,113
2025-03-15 06:00:00,35,46,medium,117
2025-03-17 06:00:00,27,31,high,212
2025-03-18 17:00:00,21,35,high,308
2025-03-26 14:00:00,36,87,medium,156
2025-03-06 01:30:00,28,34,high,242
2025-03-18 14:45:00,31,57,high,165
2025-03-26 22:30:00,22,70,high,167
2025-03-03 16:15:00,30,34,low,139
2025-03-19 18:15:00,20,47,low,183
2025-03-02 10:45:00,32,55,low,169
2025-03-06 01:15:00,34,49,medium,124
2025-03-27 00:45:00,24,70,medium,137
2025-03-28 02:00:00,40,78,medium,74
2025-03-29 09:45:00,36,56,high,282
2025-03-03 15:30:00,25,78,high,244
2025-03-06 13:15:00,40,41,high,123
2025-03-27 13:45:00,30,36,medium,85
2025-03-15 03:00:00,37,88,medium,186
2025-03-02 18:00:00,23,32,low,145
2025-03-23 06:00:00,22,39,low,97
2025-03-21 14:15:00,32,63,low,115
2025-03-09 08:30:00,28,54,medium,222
2025-03-04 00:45:00,40,64,medium,98
2025-03-26 19:15:00,25,45,high,197
2025-03-06 13:45:00,31,31,low,69
2025-03-29 05:00:00,21,89,high,127
2025-03-30 11:00:00,22,53,medium,78
2025-03-02 09:45:00,22,39,low,200
2025-03-10 21:15:00,31,67,medium,220
2025-03-23 07:00:00,34,51,low,188
2025-03-14 14:45:00,28,55,medium,205
2025-03-04 19:45:00,27,72,medium,247
2025-03-26 16:45:00,30,84,low,61
2025-03-30 20:15:00,35,68,low,251
2025-03-11 19:00:00,23,56,medium,271
2025-03-13 13:30:00,20,58,high,145
2025-03-08 03:15:00,26,76,medium,84
2025-03-10 15:30:00,21,67,high,142
2025-03-17 11:45:00,24,49,medium,175
2025-03-13 20:30:00,26,56,high,278
2025-03-11 17:15:00,23,70,high,299
2025-03-12 04:15:00,24,83,medium,132
2025-03-21 10:30:00,20,49,medium,134
2025-03-19 12:45:00,20,73,high,177
2025-03-03 04:30:00,34,48,medium,83
2025-03-14 03:15:00,39,49,medium,218
2025-03-22 06:45:00,38,64,low,121
2025-03-20 20:45:00,29,76,high,286
2025-03-04 19:15:00,37,31,high,199
2025-03-20 21:30:00,22,59,low,122
2025-03-08 08:15:00,30,82,medium,297
2025-03-05 13:45:00,34,63,medium,191
2025-03-21 13:00:00,30,51,low,83
2025-03-10 19:15:00,36,32,high,171
2025-03-27 04:30:00,36,35,low,164
2025-03-08 17:30:00,25,44,low,111
2025-03-05 05:45:00,24,56,medium,165
2025-03-02 03:00:00,27,39,high,221
2025-03-08 22:15:00,21,38,low,155
2025-03-14 05:30:00,35,62,medium,147
2025-03-05 16:30:00,39,61,medium,145
2025-03-05 12:00:00,31,77,low,68
2025-03-04 11:00:00,25,35,low,179
2025-03-12 01:15:00,20,70,medium,87
2025-03-06 11:45:00,23,88,low,123
2025-03-12 11:00:00,36,65,high,182
2025-03-05 07:45:00,32,88,high,299
2025-03-26 07:00:00,37,89,high,275
2025-03-24 02:45:00,24,31,low,51
2025-03-11 14:15:00,22,58,high,112
2025-03-17 14:30:00,30,33,medium,201
2025-03-25 07:15:00,32,30,medium,158
2025-03-15 09:00:00,23,48,low,218
2025-03-03 01:45:00,33,55,low,85
2025-03-20 13:15:00,30,54,medium,176
2025-03-07 19:45:00,29,39,medium,187
2025-03-04 00:15:00,38,82,low,135
2025-03-03 13:30:00,37,44,medium,219
2025-03-24 22:00:00,25,88,low,99
2025-03-11 20:15:00,34,51,medium,158
2025-03-25 04:30:00,40,80,medium,196
2025-03-22 14:15:00,29,77,high,138
2025-03-19 02:30:00,24,50,high,144
2025-03-06 13:00:00,24,88,medium,112
2025-03-08 19:00:00,29,85,medium,249
2025-03-02 00:00:00,24,51,medium,127
2025-03-13 21:00:00,22,65,high,208
2025-03-26 12:45:00,25,63,medium,76
2025-03-09 18:15:00,23,59,low,253
2025-03-26 11:00:00,37,54,low,134
2025-03-10 16:15:00,28,74,medium,122
2025-03-08 01:15:00,36,57,medium,109
2025-03-29 15:45:00,32,30,high,155
2025-03-26 20:45:00,34,78,low,206
2025-03-14 08:45:00,39,74,medium,207
2025-03-29 03:30:00,36,33,high,213
2025-03-02 02:00:00,32,36,high,120
2025-03-22 08:45:00,35,78,medium,169
2025-03-10 00:45:00,23,38,medium,83
2025-03-05 19:00:00,24,65,medium,211
2025-03-19 00:30:00,24,48,high,132
2025-03-25 19:45:00,28,30,low,118
2025-03-06 10:15:00,36,39,high,265
2025-03-26 00:30:00,32,65,medium,190
2025-03-06 22:00:00,21,38,medium,176
2025-03-27 07:15:00,32,74,low,253
2025-03-22 20:45:00,40,75,medium,190
2025-03-03 08:30:00,38,71,medium,252
2025-03-03 09:45:00,22,61,low,151
2025-03-14 11:00:00,29,61,medium,151
2025-03-03 14:45:00,21,35,high,139
2025-03-02 03:45:00,32,77,medium,171
2025-03-01 12:45:00,38,67,high,128
2025-03-17 18:00:00,36,46,low,168
2025-03-07 08:30:00,40,39,medium,186
2025-03-11 04:00:00,33,79,low,102
2025-03-06 21:15:00,31,56,medium,277
2025-03-19 03:00:00,40,83,high,109
2025-03-24 13:30:00,31,79,medium,90
2025-03-15 19:45:00,30,64,low,130
2025-03-29 08:15:00,26,81,medium,249
2025-03-22 19:00:00,23,88,medium,260
2025-03-14 17:15:00,38,50,medium,207
2025-03-26 15:00:00,20,54,high,85
2025-03-24 07:00:00,22,57,high,314
2025-03-05 20:00:00,32,76,medium,223
2025-03-11 18:00:00,34,44,medium,227
2025-03-30 23:45:00,21,33,low,190
2025-03-17 12:45:00,30,58,low,54
2025-03-06 09:30:00,23,88,medium,203
2025-03-15 18:30:00,38,38,medium,282
2025-03-27 14:45:00,36,56,medium,171
2025-03-06 03:45:00,22,55,medium,101
2025-03-16 02:45:00,37,48,low,192
2025-03-15 08:00:00,27,85,medium,199
2025-03-15 00:15:00,38,57,low,181
2025-03-03 05:00:00,24,46,low,60
2025-03-22 03:00:00,26,72,high,212
2025-03-25 21:15:00,40,86,low,231
2025-03-15 19:15:00,27,70,medium,250
2025-03-05 09:30:00,24,71,low,218
2025-03-08 21:45:00,36,79,high,247
2025-03-04 06:15:00,24,49,medium,114
2025-03-08 07:00:00,23,74,low,225
2025-03-23 16:45:00,38,69,medium,164
2025-03-27 21:00:00,40,68,high,166
2025-03-09 09:45:00,21,78,high,195
2025-03-22 01:00:00,30,82,low,159
2025-03-27 09:15:00,32,52,high,253
2025-03-12 10:45:00,34,76,high,310
2025-03-03 06:30:00,31,61,high,167
2025-03-20 01:45:00,40,81,medium,106
2025-03-24 22:30:00,30,76,medium,127
2025-03-16 05:45:00,26,62,medium,138
2025-03-06 07:15:00,24,86,high,249
2025-03-22 19:15:00,36,75,medium,249
2025-03-06 19:15:00,39,34,medium,274
2025-03-27 10:00:00,28,72,medium,180
2025-03-06 21:45:00,33,77,high,180
2025-03-16 17:45:00,31,63,high,251
2025-03-19 14:00:00,25,69,low,74
2025-03-28 21:00:00,36,40,high,266
2025-03-21 23:15:00,38,90,medium,85
2025-03-09 10:15:00,38,79,high,233
2025-03-09 04:15:00,35,32,medium,71
2025-03-09 15:45:00,31,87,medium,96
2025-03-30 02:15:00,31,62,high,170
2025-03-04 17:30:00,39,40,low,219
2025-03-16 02:00:00,25,45,high,186
2025-03-03 16:45:00,23,47,medium,66
2025-03-11 12:45:00,25,59,medium,171
2025-03-24 22:15:00,30,77,medium,173
2025-03-30 07:45:00,20,84,medium,252
2025-03-09 06:30:00,34,39,medium,212
2025-03-25 02:00:00,30,47,low,108
2025-03-09 05:30:00,38,67,low,117
2025-03-15 04:00:00,37,48,low,179
2025-03-28 06:00:00,36,65,high,151
2025-03-28 03:45:00,38,88,high,219
2025-03-24 05:15:00,40,42,medium,177
2025-03-05 18:00:00,33,85,high,220
2025-03-05 19:30:00,37,75,medium,273
2025-03-23 04:30:00,38,32,medium,182
2025-03-16 03:45:00,34,39,high,248
2025-03-04 23:15:00,34,67,high,213
2025-03-27 23:45:00,23,30,medium,190
2025-03-12 08:15:00,26,84,high,312
2025-03-07 17:00:00,32,85,low,174
2025-03-07 18:30:00,22,56,high,199
2025-03-14 06:15:00,35,75,low,136
2025-03-25 13:00:00,28,37,medium,157
2025-03-07 01:15:00,27,80,medium,79
2025-03-14 00:45:00,39,75,medium,222
2025-03-31 00:00:00,32,71,low,194
2025-03-26 11:15:00,36,46,high,128
2025-03-28 10:30:00,36,38,low,275
2025-03-15 08:15:00,36,90,medium,184
2025-03-06 15:30:00,20,35,low,111
2025-03-12 23:15:00,27,72,medium,178
2025-03-17 19:15:00,38,54,medium,191
2025-03-07 05:30:00,25,68,medium,109
2025-03-30 19:00:00,22,78,low,219
2025-03-28 11:15:00,24,89,low,83
2025-03-30 20:45:00,32,57,medium,196
2025-03-29 22:45:00,34,62,high,132
2025-03-10 01:15:00,33,83,high,210
2025-03-21 01:45:00,35,66,low,59
2025-03-22 06:30:00,37,38,medium,179
2025-03-26 10:15:00,30,47,low,255
2025-03-05 12:45:00,22,85,low,141
2025-03-29 00:00:00,29,88,medium,178
2025-03-03 11:15:00,29,50,medium,153
2025-03-09 10:45:00,40,31,low,124
2025-03-02 03:15:00,35,90,low,118
2025-03-30 12:00:00,31,87,low,107
2025-03-02 16:45:00,21,72,high,160
2025-03-21 00:15:00,28,88,high,124
2025-03-03 15:00:00,22,89,low,112
2025-03-19 20:00:00,34,67,low,281
2025-03-15 20:30:00,22,87,high,223
2025-03-11 01:00:00,38,69,high,180
2025-03-28 02:45:00,37,65,medium,166
2025-03-07 21:30:00,27,79,low,178
2025-03-26 01:30:00,36,89,low,59
2025-03-29 07:00:00,27,72,medium,209
2025-03-12 14:30:00,26,66,medium,145
2025-03-08 18:00:00,26,44,low,200
2025-03-11 21:45:00,22,57,medium,249
2025-03-12 15:00:00,20,47,low,74
2025-03-24 18:00:00,23,63,high,171
2025-03-25 00:00:00,24,51,medium,134
2025-03-05 19:15:00,20,40,low,259
2025-03-10 23:30:00,34,87,medium,199
2025-03-02 15:15:00,24,86,medium,82
2025-03-29 19:15:00,32,42,high,195
2025-03-25 14:00:00,27,33,medium,198
2025-03-17 09:00:00,27,51,low,173
2025-03-08 01:00:00,24,36,high,189
2025-03-03 11:30:00,28,90,low,161
2025-03-07 16:30:00,20,72,high,214
2025-03-11 00:30:00,23,83,medium,154
2025-03-19 20:15:00,22,53,medium,209
2025-03-02 01:00:00,21,33,low,184
2025-03-04 06:45:00,27,57,medium,186
2025-03-30 12:30:00,28,44,high,147
2025-03-24 09:30:00,21,30,high,173
2025-03-27 10:30:00,33,84,low,172
2025-03-21 18:45:00,33,32,low,136
2025-03-03 17:15:00,23,43,high,168
2025-03-29 04:00:00,25,67,high,217
2025-03-16 16:15:00,30,79,low,130
2025-03-28 00:15:00,22,86,medium,101
2025-03-30 09:00:00,27,30,medium,282
2025-03-02 20:45:00,22,67,high,169
2025-03-24 03:15:00,33,67,low,100
2025-03-10 16:30:00,32,50,low,63
2025-03-26 18:30:00,32,77,high,224
2025-03-14 18:30:00,21,58,low,174
2025-03-12 08:45:00,32,34,medium,154
2025-03-06 00:00:00,38,78,medium,99
2025-03-29 06:00:00,25,39,medium,174
2025-03-25 08:30:00,35,57,medium,260
2025-03-20 13:30:00,21,50,medium,76
2025-03-23 10:45:00,27,79,low,144
2025-03-20 01:30:00,36,36,medium,179
2025-03-25 03:30:00,21,32,high,227
2025-03-17 05:45:00,29,74,high,188
2025-03-23 20:45:00,35,76,low,155
2025-03-07 23:30:00,25,49,low,172
2025-03-24 13:00:00,21,48,low,108
2025-03-22 02:00:00,21,64,medium,161
2025-03-29 06:45:00,32,33,medium,200
2025-03-03 13:45:00,34,34,medium,184
2025-03-30 05:00:00,21,30,low,76
2025-03-20 00:15:00,26,33,low,67
2025-03-21 06:45:00,22,41,medium,152
2025-03-30 21:30:00,27,89,medium,212
2025-03-04 14:45:00,33,56,low,120
2025-03-11 23:15:00,26,85,medium,210
2025-03-26 03:00:00,40,71,low,186
2025-03-23 18:00:00,26,52,high,185
2025-03-18 11:15:00,20,54,high,248
2025-03-27 05:45:00,36,50,low,53
2025-03-30 05:45:00,28,90,low,199
2025-03-17 06:45:00,40,87,medium,97
2025-03-08 18:30:00,32,81,low,284
2025-03-05 15:15:00,40,53,medium,117
2025-03-07 10:15:00,38,54,high,241
2025-03-12 14:15:00,40,74,medium,205
2025-03-10 20:00:00,38,84,high,250
2025-03-30 21:00:00,36,75,medium,199
2025-03-15 04:15:00,29,61,low,152
2025-03-25 23:45:00,29,84,high,226
2025-03-26 12:00:00,23,61,medium,147
2025-03-06 16:45:00,27,34,medium,183
2025-03-17 21:15:00,39,65,low,210
2025-03-03 17:45:00,39,75,low,251
2025-03-26 07:30:00,37,71,high,218
2025-03-21 10:15:00,33,78,low,127
2025-03-04 16:15:00,37,71,high,166
2025-03-03 04:00:00,33,87,high,197
2025-03-17 19:30:00,39,68,high,174
2025-03-14 12:30:00,40,45,medium,151
2025-03-11 18:30:00,34,62,medium,202
2025-03-17 16:30:00,23,78,high,230
2025-03-17 18:45:00,32,50,low,113
2025-03-01 14:15:00,27,90,medium,72
2025-03-22 18:15:00,37,38,medium,232
2025-03-23 15:45:00,31,35,medium,211
2025-03-06 20:15:00,33,80,medium,218
2025-03-03 09:15:00,21,74,medium,284
2025-03-17 09:45:00,37,64,medium,158
2025-03-20 13:00:00,21,68,high,106
2025-03-11 18:15:00,30,51,low,105
2025-03-24 21:00:00,28,70,high,284
2025-03-19 00:00:00,31,83,medium,115
2025-03-16 04:15:00,36,34,high,146
2025-03-22 09:30:00,34,71,medium,164
2025-03-05 10:00:00,36,52,high,200
2025-03-01 17:15:00,37,46,low,121
2025-03-29 03:15:00,25,41,high,194
2025-03-15 02:00:00,36,52,low,51
2025-03-27 02:15:00,37,45,high,175
2025-03-13 02:15:00,27,32,high,164
2025-03-12 06:00:00,28,59,low,141
2025-03-08 23:00:00,25,86,low,71
2025-03-07 11:00:00,24,51,high,200
2025-03-27 16:15:00,31,38,low,116
2025-03-12 09:15:00,30,58,high,296
2025-03-19 10:45:00,20,76,low,221
2025-03-11 14:30:00,30,66,low,88
2025-03-10 13:00:00,38,52,high,100
2025-03-13 19:00:00,28,42,medium,221
2025-03-18 13:00:00,21,61,high,115
2025-03-20 12:00:00,31,75,medium,163
2025-03-03 21:45:00,23,81,medium,254
2025-03-09 18:00:00,23,76,medium,150
2025-03-12 03:45:00,37,77,medium,76
2025-03-16 10:00:00,34,52,medium,244
2025-03-16 17:15:00,38,74,medium,260
2025-03-21 05:00:00,32,46,medium,100
2025-03-09 03:45:00,38,84,low,120
2025-03-07 05:00:00,36,69,high,150
2025-03-24 15:00:00,25,50,low,90
2025-03-30 16:45:00,35,31,medium,80
2025-03-28 04:30:00,31,66,low,189
2025-03-05 14:00:00,38,35,medium,114
2025-03-06 07:00:00,24,73,high,189
2025-03-01 19:00:00,36,47,low,246
2025-03-19 03:45:00,20,59,low,140
2025-03-07 18:15:00,29,51,low,206
2025-03-06 10:30:00,34,83,medium,279
2025-03-25 08:45:00,40,62,high,259
2025-03-09 22:45:00,40,59,low,162
2025-03-28 00:30:00,30,46,high,179
2025-03-09 22:00:00,32,72,medium,127
2025-03-15 17:15:00,24,61,medium,180
2025-03-12 08:30:00,20,71,high,317
2025-03-16 18:00:00,31,80,medium,281
2025-03-07 13:30:00,30,43,medium,132
2025-03-27 03:00:00,36,87,low,128
2025-03-15 10:15:00,23,39,low,269
2025-03-12 17:15:00,34,76,low,160
2025-03-06 00:30:00,28,89,low,136
2025-03-19 09:15:00,40,80,medium,164
2025-03-11 10:00:00,39,65,medium,235
2025-03-26 14:45:00,38,63,medium,165
2025-03-13 09:15:00,38,38,low,162
2025-03-05 13:30:00,31,71,low,168
2025-03-18 10:00:00,24,57,medium,251
2025-03-22 11:00:00,29,40,high,250
2025-03-27 11:45:00,36,43,low,140
2025-03-02 17:30:00,24,68,high,293
2025-03-01 14:45:00,35,84,medium,193
2025-03-07 08:45:00,26,76,medium,197
2025-03-06 12:30:00,28,83,medium,126
2025-03-17 06:15:00,22,48,low,97
2025-03-01 12:15:00,34,83,low,144
2025-03-15 03:45:00,35,44,medium,214
2025-03-14 12:45:00,37,57,medium,141
2025-03-19 00:45:00,33,53,high,121
2025-03-01 12:00:00,22,37,medium,187
2025-03-08 11:45:00,31,72,low,113
2025-03-12 03:00:00,28,90,high,127
2025-03-17 04:30:00,26,38,low,60
2025-03-24 08:00:00,28,76,medium,253
2025-03-12 00:15:00,32,62,medium,86
2025-03-07 14:00:00,37,62,high,194
2025-03-13 08:45:00,24,48,high,224
2025-03-22 04:30:00,32,32,medium,187
2025-03-13 06:45:00,23,39,medium,182
2025-03-01 06:15:00,21,69,high,180
2025-03-15 04:30:00,35,76,low,152
2025-03-29 18:30:00,28,71,low,252
2025-03-03 21:00:00,28,30,low,179
2025-03-22 12:45:00,25,58,low,133
2025-03-28 10:15:00,30,79,medium,178
2025-03-22 08:30:00,20,63,medium,287
2025-03-04 18:15:00,23,80,medium,187
2025-03-12 17:00:00,32,42,low,158
2025-03-15 18:15:00,32,83,high,261
2025-03-30 14:30:00,32,30,medium,160
2025-03-24 07:30:00,21,63,medium,242
2025-03-18 14:30:00,28,58,medium,199
2025-03-13 14:00:00,27,77,medium,205
2025-03-27 06:45:00,26,76,low,139
2025-03-04 02:15:00,23,42,low,75
2025-03-27 16:00:00,37,77,high,155
2025-03-03 12:00:00,22,78,high,120
2025-03-12 08:00:00,25,82,medium,268
2025-03-07 01:30:00,31,90,low,52
2025-03-10 10:45:00,31,58,medium,198
2025-03-21 00:30:00,40,68,high,214
2025-03-14 05:45:00,27,53,high,144
2025-03-18 10:45:00,20,55,low,249
2025-03-04 15:30:00,23,46,low,139
2025-03-28 11:00:00,40,36,high,167
2025-03-27 04:45:00,30,42,medium,174
2025-03-04 15:15:00,22,34,low,188
2025-03-18 05:00:00,32,55,low,57
2025-03-12 19:45:00,36,78,medium,217
2025-03-12 12:30:00,29,32,high,107
2025-03-15 00:00:00,40,36,high,215
2025-03-23 00:15:00,31,87,medium,163
2025-03-07 20:15:00,34,78,medium,179
2025-03-19 06:30:00,40,68,low,142
2025-03-21 12:45:00,29,82,medium,82
2025-03-16 02:30:00,33,30,medium,162
2025-03-28 12:15:00,32,78,medium,103
2025-03-28 20:30:00,24,46,medium,176
2025-03-22 06:00:00,25,72,low,167
2025-03-26 23:00:00,21,54,low,86
2025-03-18 06:15:00,36,88,medium,151
2025-03-10 15:45:00,23,90,low,142
2025-03-06 14:30:00,33,32,low,129
2025-03-10 02:30:00,29,44,high,208
2025-03-15 12:00:00,22,58,medium,73
2025-03-24 17:45:00,22,82,medium,220
2025-03-16 05:30:00,34,72,high,197
2025-03-09 04:30:00,25,61,high,138
2025-03-27 22:15:00,36,55,medium,135
2025-03-20 11:00:00,31,89,high,127
2025-03-09 05:00:00,39,45,medium,104
2025-03-19 19:00:00,30,54,medium,253
2025-03-20 14:45:00,23,83,medium,133
2025-03-28 14:15:00,25,57,medium,176
2025-03-08 10:30:00,20,38,medium,214
2025-03-09 08:45:00,39,85,medium,241
2025-03-28 16:30:00,35,85,low,174
2025-03-18 07:30:00,34,30,medium,173
2025-03-02 06:45:00,36,58,low,107
2025-03-13 05:15:00,27,86,medium,142
2025-03-12 22:30:00,31,51,medium,213
2025-03-07 10:30:00,40,45,high,338
2025-03-05 05:30:00,29,70,high,210
2025-03-11 23:45:00,34,80,high,144
2025-03-13 11:00:00,28,73,medium,207
2025-03-16 05:15:00,21,80,high,198
2025-03-06 04:15:00,24,83,medium,75
2025-03-10 09:45:00,25,70,low,164
2025-03-04 09:15:00,26,36,low,169
2025-03-04 13:30:00,40,43,low,126
2025-03-23 15:00:00,20,58,medium,92
2025-03-09 03:30:00,26,48,medium,97
2025-03-24 15:45:00,39,48,high,121
2025-03-04 02:45:00,31,31,low,193
2025-03-11 04:30:00,35,70,low,64
2025-03-26 15:45:00,35,74,high,90
2025-03-11 13:30:00,30,44,low,128
2025-03-15 15:30:00,40,32,medium,177
2025-03-21 08:30:00,23,40,medium,158
2025-03-20 23:00:00,32,82,medium,209
2025-03-03 07:00:00,26,75,low,191
2025-03-17 04:15:00,23,59,low,152
2025-03-24 01:45:00,34,86,low,90
2025-03-05 16:15:00,38,69,medium,124
2025-03-19 05:30:00,28,47,medium,73
2025-03-14 23:00:00,30,80,low,56
2025-03-20 04:30:00,27,77,medium,108
2025-03-01 21:00:00,20,31,high,291
2025-03-15 05:30:00,27,61,low,51
2025-03-22 00:45:00,32,37,medium,192
2025-03-07 11:15:00,23,51,medium,210
2025-03-03 18:30:00,27,35,low,251
2025-03-29 21:30:00,22,41,medium,180
2025-03-04 00:30:00,28,76,medium,62
2025-03-30 06:00:00,21,86,high,220
2025-03-18 01:15:00,21,69,high,136
2025-03-11 09:45:00,32,65,medium,207
2025-03-05 08:00:00,34,44,high,242
2025-03-05 22:00:00,31,57,medium,178
2025-03-21 01:15:00,23,81,medium,179
2025-03-20 09:00:00,27,86,medium,247
2025-03-12 19:15:00,28,78,low,152
2025-03-16 14:15:00,24,74,high,246
2025-03-25 17:30:00,39,47,medium,198
2025-03-30 01:15:00,37,31,medium,198
2025-03-07 19:30:00,30,42,high,284
2025-03-27 04:00:00,34,74,low,78
2025-03-21 13:15:00,28,83,medium,129
2025-03-20 18:30:00,36,44,low,209
2025-03-09 13:15:00,31,49,high,165
2025-03-04 13:45:00,26,58,high,132
2025-03-28 12:45:00,29,88,medium,80
2025-03-30 22:00:00,29,71,medium,201
2025-03-23 05:30:00,32,58,medium,164
2025-03-21 22:00:00,38,32,high,99
2025-03-03 21:30:00,30,48,medium,172
2025-03-13 18:15:00,32,32,medium,209
2025-03-24 08:30:00,40,83,high,303
2025-03-17 02:45:00,27,43,low,63
2025-03-14 22:00:00,27,69,low,61
2025-03-01 04:30:00,23,88,medium,162
2025-03-07 09:15:00,34,84,high,260
2025-03-07 16:45:00,30,33,medium,144
2025-03-17 22:00:00,30,88,low,94
2025-03-13 01:45:00,20,89,medium,173
2025-03-21 04:15:00,36,81,medium,176
2025-03-17 15:00:00,34,40,low,58
2025-03-25 10:45:00,39,87,medium,216
2025-03-16 15:30:00,25,60,high,227
2025-03-20 17:30:00,34,72,medium,284
2025-03-20 21:45:00,28,61,medium,222
2025-03-30 08:45:00,33,56,medium,199
2025-03-10 06:15:00,37,59,low,163
2025-03-17 16:00:00,36,72,high,150
2025-03-16 11:45:00,37,31,medium,128
2025-03-21 12:30:00,24,78,medium,182
2025-03-08 02:00:00,39,38,medium,94
2025-03-19 12:15:00,39,57,medium,121
2025-03-15 16:30:00,28,60,medium,191
2025-03-23 06:15:00,30,89,low,146
2025-03-14 04:15:00,20,63,high,190
2025-03-03 06:45:00,37,90,high,123
2025-03-07 06:15:00,25,85,medium,104
2025-03-13 06:30:00,21,44,high,233
2025-03-17 05:30:00,34,77,low,118
2025-03-04 03:45:00,40,54,medium,112
2025-03-01 13:00:00,33,65,medium,91
2025-03-28 09:15:00,24,37,medium,254
2025-03-11 16:15:00,25,38,medium,90
2025-03-25 11:30:00,25,87,medium,97
2025-03-15 13:45:00,37,87,low,179
2025-03-18 06:45:00,33,66,medium,123
2025-03-15 23:15:00,29,77,low,117
2025-03-04 14:00:00,33,74,high,122
2025-03-09 17:45:00,32,68,low,278
2025-03-28 07:15:00,22,61,low,177
2025-03-28 08:45:00,25,87,medium,194
2025-03-17 07:45:00,27,81,medium,290
2025-03-13 14:30:00,31,46,high,154
2025-03-07 17:45:00,32,64,medium,174
2025-03-27 08:30:00,30,66,medium,235
2025-03-24 06:30:00,31,48,high,146
2025-03-19 01:45:00,20,73,medium,112
2025-03-14 06:00:00,36,58,low,105
2025-03-23 00:45:00,35,88,medium,187
2025-03-19 09:30:00,30,36,high,170
2025-03-25 10:30:00,32,57,medium,241
2025-03-19 04:45:00,37,38,low,52
2025-03-03 00:00:00,30,57,low,75
2025-03-09 08:15:00,31,35,low,179
2025-03-02 19:30:00,25,58,medium,177
2025-03-01 21:15:00,28,87,medium,210
2025-03-17 00:30:00,35,46,low,60
2025-03-20 22:45:00,23,45,high,183
2025-03-24 18:15:00,22,52,high,298
2025-03-04 15:45:00,35,60,medium,182
2025-03-07 23:00:00,31,32,high,136
2025-03-26 18:00:00,30,50,low,150
2025-03-02 08:00:00,24,55,medium,272
2025-03-04 13:00:00,37,65,medium,171
2025-03-01 01:45:00,38,71,high,170
2025-03-11 21:00:00,25,66,high,212
2025-03-10 06:45:00,37,82,low,68
2025-03-26 17:45:00,25,51,high,158
2025-03-14 17:00:00,23,71,low,234
2025-03-04 04:45:00,31,41,high,144
2025-03-09 11:00:00,38,71,high,135
2025-03-07 15:15:00,21,90,low,132
2025-03-04 23:45:00,36,42,high,224
2025-03-29 12:30:00,30,40,low,82
2025-03-26 06:30:00,30,83,medium,170
2025-03-28 18:45:00,40,45,medium,153
2025-03-20 06:15:00,35,37,medium,96
2025-03-23 01:45:00,21,69,high,155
2025-03-02 20:15:00,21,88,medium,246
2025-03-05 10:30:00,27,86,medium,153
2025-03-06 03:30:00,32,69,high,119
2025-03-02 21:45:00,29,74,high,258
2025-03-12 16:45:00,27,88,low,67
2025-03-27 21:30:00,23,31,high,300
2025-03-02 22:00:00,34,59,low,193
2025-03-16 17:30:00,20,59,high,225
2025-03-23 18:30:00,30,41,low,277
2025-03-25 07:45:00,26,39,low,278
2025-03-22 22:00:00,36,73,medium,114
2025-03-09 10:30:00,39,40,medium,255
2025-03-11 06:30:00,37,44,medium,140
2025-03-21 11:30:00,31,45,low,66
2025-03-27 21:15:00,28,46,medium,197
2025-03-29 08:30:00,24,55,high,204
2025-03-12 11:30:00,29,31,medium,171
2025-03-06 02:15:00,23,79,low,71
2025-03-26 00:45:00,24,41,medium,125
2025-03-18 02:15:00,29,80,low,153
2025-03-08 04:30:00,30,55,high,180
2025-03-28 01:45:00,40,52,high,237
2025-03-19 04:30:00,29,47,medium,82
2025-03-20 09:15:00,27,61,medium,174
2025-03-08 21:00:00,21,78,high,215
2025-03-22 23:45:00,27,67,medium,199
2025-03-21 06:15:00,35,86,high,225
2025-03-19 03:15:00,24,76,medium,144
2025-03-02 05:30:00,22,32,high,228
2025-03-01 00:00:00,31,67,medium,170
2025-03-13 17:30:00,32,32,medium,240
2025-03-03 22:15:00,32,59,high,156
2025-03-27 06:15:00,29,90,medium,183
2025-03-15 07:15:00,23,30,medium,281
2025-03-25 23:30:00,28,59,low,61
2025-03-25 17:00:00,21,74,medium,227
2025-03-28 23:30:00,38,61,medium,108
2025-03-25 02:30:00,20,57,low,73
2025-03-10 04:15:00,26,50,low,148
2025-03-19 16:15:00,36,87,medium,212
2025-03-18 04:30:00,22,75,high,240
2025-03-21 23:00:00,39,42,medium,130
2025-03-21 04:45:00,39,56,low,78
2025-03-28 23:15:00,40,65,medium,211
2025-03-08 11:30:00,22,36,low,92
2025-03-04 19:30:00,22,51,medium,249
2025-03-19 13:00:00,36,39,low,51
2025-03-25 01:00:00,26,68,low,115
2025-03-06 18:45:00,33,82,low,169
2025-03-18 02:00:00,36,44,medium,87
2025-03-19 21:45:00,37,44,low,201
2025-03-04 04:00:00,32,33,medium,107
2025-03-18 14:00:00,39,61,medium,143
2025-03-03 02:45:00,39,52,medium,201
2025-03-21 01:00:00,40,84,medium,146
